Symbol,SL Multi,TP Multi,EMA Period,ATR Period,Max Hold,Win Rate (%),Profit Factor,Total Trades,PnL Net,Num Wins,Num Losses,Avg Hold (Candles)
JELLYJELLYUSDT,2.5,1.7,15,10,30,65.52,1.22,29,-0.0001,19,10,11.3
JELLYJELLYUSDT,2.5,2.0,10,20,30,66.67,1.27,42,-0.0000,28,14,11.6
JELLYJELLYUSDT,2.5,2.0,15,14,30,65.52,1.38,29,0.0001,19,10,11.7
JELLYJELLYUSDT,2.5,2.0,15,20,30,65.52,1.39,29,0.0001,19,10,11.7
JELLYJELLYUSDT,3.0,1.7,10,14,30,71.43,1.23,42,-0.0001,30,12,12.1
JELLYJELLYUSDT,3.0,1.7,15,10,30,68.97,1.30,29,-0.0000,20,9,12.5
JELLYJELLYUSDT,3.0,1.7,15,14,30,68.97,1.28,29,-0.0000,20,9,12.5
JELLYJELLYUSDT,3.0,1.7,15,20,30,68.97,1.28,29,-0.0000,20,9,12.2
JELLYJELLYUSDT,3.0,2.0,10,14,30,69.05,1.40,42,0.0001,29,13,13.5
JELLYJELLYUSDT,3.0,2.0,10,20,30,71.43,1.37,42,0.0001,30,12,12.7
JELLYJELLYUSDT,3.0,2.0,15,14,30,68.97,1.52,29,0.0002,20,9,13.2
JELLYJELLYUSDT,3.0,2.0,15,20,30,68.97,1.52,29,0.0002,20,9,13.1
JELLYJELLYUSDT,3.0,2.2,10,14,30,64.29,1.29,42,0.0000,27,15,14.4
JELLYJELLYUSDT,3.0,2.2,10,20,30,64.29,1.23,42,-0.0000,27,15,13.9
JELLYJELLYUSDT,3.0,2.2,15,14,30,62.07,1.31,29,0.0001,18,11,14.5
JELLYJELLYUSDT,3.0,2.2,15,20,30,62.07,1.30,29,0.0000,18,11,14.3
JELLYJELLYUSDT,3.0,2.5,10,20,30,61.90,1.36,42,0.0002,26,16,14.7
JELLYJELLYUSDT,3.0,2.5,15,20,30,62.07,1.49,29,0.0002,18,11,14.5
BRUSDT,2.0,1.7,10,10,30,66.67,1.34,54,0.0001,36,18,9.8
BRUSDT,2.0,1.7,10,14,30,66.07,1.48,56,0.0009,37,19,9.2
BRUSDT,2.0,1.7,10,20,30,67.86,1.56,56,0.0012,38,18,8.1
BRUSDT,2.0,1.7,15,10,30,67.74,1.58,31,0.0007,21,10,11.1
BRUSDT,2.0,1.7,15,14,30,65.62,1.46,32,0.0003,21,11,10.3
BRUSDT,2.0,1.7,15,20,30,68.75,1.60,32,0.0007,22,10,9.5
BRUSDT,2.0,1.7,20,10,30,62.50,1.26,24,-0.0001,15,9,10.6
BRUSDT,2.0,1.7,20,14,30,62.50,1.25,24,-0.0002,15,9,10.1
BRUSDT,2.0,1.7,20,20,30,64.00,1.25,25,-0.0002,16,9,9.2
BRUSDT,2.0,2.0,10,10,30,61.11,1.31,54,0.0002,33,21,11.8
BRUSDT,2.0,2.0,10,14,30,63.64,1.47,55,0.0009,35,20,11.3
BRUSDT,2.0,2.0,10,20,30,64.29,1.71,56,0.0022,36,20,9.8
BRUSDT,2.0,2.0,15,10,30,61.29,1.55,31,0.0007,19,12,13.2
BRUSDT,2.0,2.0,15,14,30,62.50,1.63,32,0.0009,20,12,12.5
BRUSDT,2.0,2.0,15,20,30,62.50,1.63,32,0.0008,20,12,11.9
BRUSDT,2.0,2.2,10,10,30,61.11,1.44,54,0.0010,33,21,12.2
BRUSDT,2.0,2.2,10,20,30,60.71,1.63,56,0.0020,34,22,10.8
BRUSDT,2.0,2.2,15,10,30,61.29,1.68,31,0.0012,19,12,13.8
BRUSDT,2.0,2.2,15,20,30,62.50,1.78,32,0.0013,20,12,12.6
BRUSDT,2.5,1.7,10,14,30,69.09,1.36,55,0.0005,38,17,9.8
BRUSDT,2.5,1.7,10,20,30,72.73,1.50,55,0.0012,40,15,8.9
BRUSDT,2.5,1.7,15,10,30,70.97,1.52,31,0.0006,22,9,11.5
BRUSDT,2.5,1.7,15,14,30,70.97,1.53,31,0.0006,22,9,11.0
BRUSDT,2.5,1.7,15,20,30,74.19,1.69,31,0.0010,23,8,10.0
BRUSDT,2.5,1.7,20,10,30,66.67,1.24,24,-0.0001,16,8,10.8
BRUSDT,2.5,1.7,20,14,30,66.67,1.23,24,-0.0002,16,8,10.2
BRUSDT,2.5,1.7,20,20,30,68.00,1.22,25,-0.0002,17,8,9.6
BRUSDT,2.5,2.0,10,14,30,66.67,1.36,54,0.0005,36,18,12.0
BRUSDT,2.5,2.0,10,20,30,67.27,1.58,55,0.0018,37,18,10.9
BRUSDT,2.5,2.0,15,10,30,64.52,1.47,31,0.0006,20,11,13.5
BRUSDT,2.5,2.0,15,14,30,67.74,1.72,31,0.0012,21,10,13.3
BRUSDT,2.5,2.0,15,20,30,67.74,1.73,31,0.0011,21,10,12.5
BRUSDT,2.5,2.0,20,14,30,62.50,1.35,24,0.0001,15,9,12.4
BRUSDT,2.5,2.0,20,20,30,62.50,1.34,24,0.0001,15,9,11.7
BRUSDT,2.5,2.2,10,10,30,62.96,1.26,54,0.0001,34,20,12.6
BRUSDT,2.5,2.2,10,14,30,62.96,1.28,54,0.0001,34,20,12.6
BRUSDT,2.5,2.2,10,20,30,63.64,1.49,55,0.0016,35,20,12.0
BRUSDT,2.5,2.2,15,10,30,64.52,1.60,31,0.0011,20,11,14.2
BRUSDT,2.5,2.2,15,14,30,64.52,1.62,31,0.0011,20,11,14.2
BRUSDT,2.5,2.2,15,20,30,67.74,1.89,31,0.0016,21,10,13.3
BRUSDT,2.5,2.2,20,20,30,62.50,1.48,24,0.0005,15,9,12.6
BRUSDT,2.5,2.5,15,10,30,61.29,1.62,31,0.0013,19,12,15.0
BRUSDT,2.5,2.5,15,14,30,61.29,1.63,31,0.0013,19,12,14.7
BRUSDT,3.0,1.7,10,20,30,72.73,1.27,55,0.0001,40,15,9.3
BRUSDT,3.0,1.7,15,10,30,70.97,1.31,31,0.0001,22,9,11.9
BRUSDT,3.0,1.7,15,14,30,70.97,1.33,31,0.0001,22,9,11.4
BRUSDT,3.0,1.7,15,20,30,74.19,1.46,31,0.0005,23,8,10.6
BRUSDT,3.0,2.0,10,20,30,67.27,1.34,55,0.0006,37,18,11.3
BRUSDT,3.0,2.0,15,10,30,64.52,1.27,31,0.0000,20,11,14.3
BRUSDT,3.0,2.0,15,14,30,67.74,1.49,31,0.0007,21,10,13.6
BRUSDT,3.0,2.0,15,20,30,67.74,1.50,31,0.0007,21,10,13.0
BRUSDT,3.0,2.2,10,20,30,63.64,1.27,55,0.0003,35,20,12.4
BRUSDT,3.0,2.2,15,10,30,64.52,1.38,31,0.0005,20,11,15.0
BRUSDT,3.0,2.2,15,14,30,64.52,1.40,31,0.0005,20,11,14.8
BRUSDT,3.0,2.2,15,20,30,67.74,1.64,31,0.0012,21,10,13.8
BRUSDT,3.0,2.2,20,20,30,62.50,1.28,24,0.0001,15,9,13.0
BRUSDT,3.0,2.5,15,10,30,61.29,1.46,31,0.0009,19,12,16.2
BRUSDT,3.0,2.5,15,14,30,61.29,1.48,31,0.0009,19,12,15.7
MUBARAKUSDT,2.5,1.7,10,10,30,66.67,1.75,63,0.0022,42,21,10.9
MUBARAKUSDT,2.5,1.7,10,14,30,66.67,1.80,63,0.0022,42,21,11.2
MUBARAKUSDT,2.5,1.7,10,20,30,66.67,1.74,63,0.0020,42,21,11.2
MUBARAKUSDT,2.5,1.7,15,10,30,64.58,1.49,48,0.0006,31,17,10.4
MUBARAKUSDT,2.5,1.7,15,14,30,64.58,1.46,48,0.0005,31,17,10.4
MUBARAKUSDT,2.5,1.7,15,20,30,64.58,1.36,48,0.0002,31,17,10.3
MUBARAKUSDT,2.5,2.0,10,10,30,60.32,1.79,63,0.0027,38,25,12.2
MUBARAKUSDT,2.5,2.0,10,14,30,61.90,1.88,63,0.0029,39,24,12.0
MUBARAKUSDT,2.5,2.0,10,20,30,61.90,1.81,63,0.0026,39,24,12.2
MUBARAKUSDT,2.5,2.2,10,20,30,60.32,1.87,63,0.0031,38,25,13.1
MUBARAKUSDT,3.0,1.7,10,10,30,69.35,1.73,62,0.0021,43,19,12.0
MUBARAKUSDT,3.0,1.7,10,14,30,69.35,1.69,62,0.0019,43,19,12.0
MUBARAKUSDT,3.0,1.7,10,20,30,69.35,1.62,62,0.0017,43,19,11.8
MUBARAKUSDT,3.0,1.7,15,10,30,68.09,1.45,47,0.0006,32,15,11.4
MUBARAKUSDT,3.0,1.7,15,14,30,68.09,1.43,47,0.0005,32,15,11.4
MUBARAKUSDT,3.0,1.7,15,20,30,68.09,1.39,47,0.0004,32,15,11.1
MUBARAKUSDT,3.0,2.0,10,10,30,63.93,1.80,61,0.0028,39,22,13.4
MUBARAKUSDT,3.0,2.0,10,14,30,65.57,1.81,61,0.0027,40,21,13.0
MUBARAKUSDT,3.0,2.0,10,20,30,65.57,1.73,61,0.0024,40,21,13.1
MUBARAKUSDT,3.0,2.0,15,10,30,63.04,1.49,46,0.0009,29,17,12.6
MUBARAKUSDT,3.0,2.0,15,14,30,63.04,1.46,46,0.0007,29,17,12.5
MUBARAKUSDT,3.0,2.0,15,20,30,63.04,1.42,46,0.0006,29,17,12.5
MUBARAKUSDT,3.0,2.2,10,10,30,62.30,1.76,61,0.0027,38,23,14.5
MUBARAKUSDT,3.0,2.2,10,14,30,62.30,1.75,61,0.0027,38,23,14.5
MUBARAKUSDT,3.0,2.2,10,20,30,63.93,1.79,61,0.0029,39,22,13.9
MUBARAKUSDT,3.0,2.2,15,10,30,60.87,1.36,46,0.0004,28,18,13.7
MUBARAKUSDT,3.0,2.2,15,14,30,60.87,1.39,46,0.0006,28,18,13.7
MUBARAKUSDT,3.0,2.2,15,20,30,60.87,1.43,46,0.0007,28,18,13.4
DUSDT,3.0,1.7,10,10,30,67.37,1.28,190,-0.0037,128,62,11.1
DUSDT,3.0,1.7,10,14,30,68.09,1.32,188,-0.0030,128,60,11.2
DUSDT,3.0,1.7,10,20,30,69.15,1.33,188,-0.0029,130,58,11.2
DUSDT,3.0,2.0,10,14,30,63.30,1.27,188,-0.0034,119,69,12.8
DUSDT,3.0,2.0,10,20,30,63.30,1.27,188,-0.0034,119,69,12.9
ENJUSDT,2.5,1.7,15,10,30,64.44,1.31,135,-0.0055,87,48,9.4
ENJUSDT,2.5,1.7,15,14,30,64.44,1.24,135,-0.0064,87,48,9.0
ENJUSDT,2.5,1.7,15,20,30,63.43,1.21,134,-0.0068,85,49,8.7
ENJUSDT,2.5,1.7,20,10,30,63.39,1.23,112,-0.0052,71,41,9.4
ENJUSDT,2.5,2.0,15,10,30,60.74,1.29,135,-0.0054,82,53,10.5
ENJUSDT,2.5,2.0,15,14,30,62.96,1.34,135,-0.0047,85,50,10.0
ENJUSDT,2.5,2.0,15,20,30,61.19,1.22,134,-0.0062,82,52,9.6
ENJUSDT,2.5,2.0,20,14,30,60.71,1.29,112,-0.0043,68,44,9.7
ENJUSDT,3.0,1.7,15,10,30,66.92,1.23,133,-0.0062,89,44,10.7
ENJUSDT,3.0,1.7,15,14,30,67.67,1.29,133,-0.0056,90,43,10.2
ENJUSDT,3.0,1.7,15,20,30,67.67,1.35,133,-0.0049,90,43,10.0
ENJUSDT,3.0,1.7,20,20,30,66.36,1.21,110,-0.0053,73,37,10.0
ENJUSDT,3.0,2.0,15,14,30,65.41,1.32,133,-0.0046,87,46,11.3
ENJUSDT,3.0,2.0,15,20,30,64.66,1.29,133,-0.0051,86,47,11.0
ENJUSDT,3.0,2.0,20,14,30,63.64,1.28,110,-0.0041,70,40,11.4
ENJUSDT,3.0,2.0,20,20,30,62.73,1.20,110,-0.0051,69,41,11.0
PEOPLEUSDT,3.0,2.0,20,10,30,62.86,1.23,105,-0.0007,66,39,12.1
PEOPLEUSDT,3.0,2.0,20,14,30,63.81,1.24,105,-0.0006,67,38,11.8
PEOPLEUSDT,3.0,2.0,20,20,30,63.81,1.20,105,-0.0007,67,38,11.5
PEOPLEUSDT,3.0,2.2,20,14,30,60.95,1.25,105,-0.0006,64,41,12.9
PEOPLEUSDT,3.0,2.2,20,20,30,60.95,1.21,105,-0.0007,64,41,12.6
REDUSDT,2.0,1.7,15,10,30,70.59,2.01,34,0.0089,24,10,7.7
REDUSDT,2.0,1.7,15,14,30,70.59,2.03,34,0.0084,24,10,7.6
REDUSDT,2.0,1.7,15,20,30,70.59,2.05,34,0.0082,24,10,7.6
REDUSDT,2.0,1.7,20,10,30,70.37,2.10,27,0.0075,19,8,8.0
REDUSDT,2.0,1.7,20,14,30,70.37,2.12,27,0.0070,19,8,7.9
REDUSDT,2.0,1.7,20,20,30,70.37,2.14,27,0.0067,19,8,7.9
REDUSDT,2.0,2.0,10,10,30,60.38,1.24,53,-0.0055,32,21,8.3
REDUSDT,2.0,2.0,10,14,30,60.38,1.25,53,-0.0053,32,21,8.0
REDUSDT,2.0,2.0,10,20,30,60.38,1.28,53,-0.0046,32,21,7.9
REDUSDT,2.0,2.0,15,10,30,67.65,2.06,34,0.0121,23,11,8.6
REDUSDT,2.0,2.0,15,14,30,67.65,2.07,34,0.0114,23,11,8.0
REDUSDT,2.0,2.0,15,20,30,67.65,2.09,34,0.0112,23,11,8.0
REDUSDT,2.0,2.0,20,10,30,66.67,2.06,27,0.0091,18,9,8.4
REDUSDT,2.0,2.0,20,14,30,66.67,2.07,27,0.0085,18,9,8.3
REDUSDT,2.0,2.0,20,20,30,66.67,2.09,27,0.0082,18,9,8.2
REDUSDT,2.0,2.2,15,10,30,67.65,2.28,34,0.0168,23,11,9.4
REDUSDT,2.0,2.2,15,14,30,67.65,2.29,34,0.0159,23,11,8.9
REDUSDT,2.0,2.2,15,20,30,67.65,2.31,34,0.0155,23,11,8.8
REDUSDT,2.0,2.2,20,10,30,66.67,2.28,27,0.0127,18,9,9.0
REDUSDT,2.0,2.2,20,14,30,66.67,2.29,27,0.0119,18,9,8.4
REDUSDT,2.0,2.2,20,20,30,66.67,2.30,27,0.0115,18,9,8.4
REDUSDT,2.0,2.5,15,10,30,66.67,2.53,33,0.0226,22,11,10.7
REDUSDT,2.0,2.5,15,14,30,66.67,2.54,33,0.0215,22,11,9.8
REDUSDT,2.0,2.5,15,20,30,66.67,2.57,33,0.0210,22,11,9.8
REDUSDT,2.0,2.5,20,10,30,65.38,2.52,26,0.0170,17,9,10.5
REDUSDT,2.0,2.5,20,14,30,65.38,2.52,26,0.0160,17,9,9.4
REDUSDT,2.0,2.5,20,20,30,65.38,2.54,26,0.0155,17,9,9.4
REDUSDT,2.0,3.0,15,10,30,63.64,2.62,33,0.0265,21,12,11.9
REDUSDT,2.0,3.0,15,14,30,63.64,2.65,33,0.0259,21,12,11.5
REDUSDT,2.0,3.0,15,20,30,63.64,2.79,33,0.0278,21,12,10.6
REDUSDT,2.0,3.0,20,10,30,65.38,2.89,26,0.0232,17,9,11.5
REDUSDT,2.0,3.0,20,14,30,65.38,2.93,26,0.0225,17,9,11.1
REDUSDT,2.0,3.0,20,20,30,65.38,3.03,26,0.0230,17,9,9.9
REDUSDT,2.5,1.7,15,10,30,76.47,2.36,34,0.0128,26,8,9.2
REDUSDT,2.5,1.7,15,14,30,76.47,2.33,34,0.0117,26,8,9.1
REDUSDT,2.5,1.7,15,20,30,70.59,1.65,34,0.0038,24,10,8.4
REDUSDT,2.5,1.7,20,10,30,77.78,2.89,27,0.0125,21,6,9.7
REDUSDT,2.5,1.7,20,14,30,77.78,2.83,27,0.0115,21,6,9.6
REDUSDT,2.5,1.7,20,20,30,70.37,1.72,27,0.0035,19,8,8.6
REDUSDT,2.5,2.0,10,10,30,66.04,1.24,53,-0.0046,35,18,9.7
REDUSDT,2.5,2.0,10,14,30,66.04,1.25,53,-0.0048,35,18,9.5
REDUSDT,2.5,2.0,15,10,30,73.53,2.34,34,0.0157,25,9,10.2
REDUSDT,2.5,2.0,15,14,30,73.53,2.30,34,0.0145,25,9,9.6
REDUSDT,2.5,2.0,15,20,30,67.65,1.69,34,0.0063,23,11,8.8
REDUSDT,2.5,2.0,20,10,30,74.07,2.64,27,0.0139,20,7,10.1
REDUSDT,2.5,2.0,20,14,30,74.07,2.57,27,0.0127,20,7,10.0
REDUSDT,2.5,2.0,20,20,30,66.67,1.68,27,0.0045,18,9,8.9
REDUSDT,2.5,2.2,10,10,30,64.15,1.30,53,-0.0013,34,19,10.3
REDUSDT,2.5,2.2,10,14,30,64.15,1.30,53,-0.0016,34,19,10.2
REDUSDT,2.5,2.2,15,10,30,73.53,2.58,34,0.0205,25,9,10.9
REDUSDT,2.5,2.2,15,14,30,73.53,2.54,34,0.0191,25,9,10.4
REDUSDT,2.5,2.2,15,20,30,67.65,1.86,34,0.0107,23,11,9.6
REDUSDT,2.5,2.2,20,10,30,74.07,2.91,27,0.0176,20,7,10.7
REDUSDT,2.5,2.2,20,14,30,74.07,2.84,27,0.0163,20,7,10.1
REDUSDT,2.5,2.2,20,20,30,66.67,1.86,27,0.0078,18,9,9.1
REDUSDT,2.5,2.5,10,10,30,63.46,1.37,52,0.0028,33,19,11.8
REDUSDT,2.5,2.5,10,14,30,63.46,1.37,52,0.0024,33,19,11.2
REDUSDT,2.5,2.5,15,10,30,72.73,2.86,33,0.0265,24,9,12.2
REDUSDT,2.5,2.5,15,14,30,72.73,2.82,33,0.0249,24,9,11.4
REDUSDT,2.5,2.5,15,20,30,66.67,2.07,33,0.0162,22,11,10.6
REDUSDT,2.5,2.5,20,10,30,73.08,3.21,26,0.0221,19,7,12.3
REDUSDT,2.5,2.5,20,14,30,73.08,3.13,26,0.0206,19,7,11.3
REDUSDT,2.5,2.5,20,20,30,65.38,2.05,26,0.0118,17,9,10.2
REDUSDT,2.5,3.0,10,10,30,61.54,1.50,52,0.0100,32,20,12.7
REDUSDT,2.5,3.0,10,14,30,61.54,1.51,52,0.0099,32,20,12.5
REDUSDT,2.5,3.0,15,10,30,69.70,2.91,33,0.0306,23,10,13.5
REDUSDT,2.5,3.0,15,14,30,69.70,2.89,33,0.0294,23,10,13.2
REDUSDT,2.5,3.0,15,20,30,63.64,2.25,33,0.0227,21,12,11.4
REDUSDT,2.5,3.0,20,10,30,73.08,3.69,26,0.0287,19,7,13.3
REDUSDT,2.5,3.0,20,14,30,73.08,3.64,26,0.0274,19,7,13.0
REDUSDT,2.5,3.0,20,20,30,65.38,2.44,26,0.0193,17,9,10.7
REDUSDT,3.0,1.7,15,10,30,76.47,1.98,34,0.0094,26,8,9.8
REDUSDT,3.0,1.7,15,14,30,76.47,1.95,34,0.0084,26,8,9.6
REDUSDT,3.0,1.7,15,20,30,76.47,1.93,34,0.0078,26,8,9.6
REDUSDT,3.0,1.7,20,10,30,77.78,2.42,27,0.0104,21,6,10.3
REDUSDT,3.0,1.7,20,14,30,77.78,2.37,27,0.0094,21,6,10.1
REDUSDT,3.0,1.7,20,20,30,77.78,2.31,27,0.0086,21,6,10.1
REDUSDT,3.0,2.0,15,10,30,73.53,1.96,34,0.0119,25,9,10.8
REDUSDT,3.0,2.0,15,14,30,73.53,1.92,34,0.0107,25,9,10.1
REDUSDT,3.0,2.0,15,20,30,73.53,1.91,34,0.0100,25,9,10.1
REDUSDT,3.0,2.0,20,10,30,74.07,2.21,27,0.0113,20,7,10.7
REDUSDT,3.0,2.0,20,14,30,74.07,2.15,27,0.0101,20,7,10.6
REDUSDT,3.0,2.0,20,20,30,74.07,2.11,27,0.0093,20,7,10.5
REDUSDT,3.0,2.2,15,10,30,73.53,2.16,34,0.0166,25,9,11.5
REDUSDT,3.0,2.2,15,14,30,73.53,2.12,34,0.0153,25,9,11.0
REDUSDT,3.0,2.2,15,20,30,73.53,2.10,34,0.0145,25,9,10.9
REDUSDT,3.0,2.2,20,10,30,74.07,2.43,27,0.0150,20,7,11.3
REDUSDT,3.0,2.2,20,14,30,74.07,2.38,27,0.0137,20,7,10.7
REDUSDT,3.0,2.2,20,20,30,74.07,2.33,27,0.0128,20,7,10.7
REDUSDT,3.0,2.5,15,10,30,72.73,2.40,33,0.0227,24,9,12.8
REDUSDT,3.0,2.5,15,14,30,72.73,2.36,33,0.0211,24,9,11.9
REDUSDT,3.0,2.5,15,20,30,72.73,2.34,33,0.0202,24,9,11.9
REDUSDT,3.0,2.5,20,10,30,73.08,2.68,26,0.0194,19,7,12.9
REDUSDT,3.0,2.5,20,14,30,73.08,2.62,26,0.0179,19,7,11.8
REDUSDT,3.0,2.5,20,20,30,73.08,2.57,26,0.0169,19,7,11.8
REDUSDT,3.0,3.0,10,10,30,61.54,1.25,52,-0.0004,32,20,14.0
REDUSDT,3.0,3.0,10,14,30,61.54,1.26,52,-0.0002,32,20,13.7
REDUSDT,3.0,3.0,10,20,30,61.54,1.32,52,0.0027,32,20,13.1
REDUSDT,3.0,3.0,15,10,30,69.70,2.43,33,0.0264,23,10,14.2
REDUSDT,3.0,3.0,15,14,30,69.70,2.42,33,0.0253,23,10,13.8
REDUSDT,3.0,3.0,15,20,30,69.70,2.49,33,0.0267,23,10,12.9
REDUSDT,3.0,3.0,20,10,30,73.08,3.09,26,0.0260,19,7,14.0
REDUSDT,3.0,3.0,20,14,30,73.08,3.05,26,0.0248,19,7,13.5
REDUSDT,3.0,3.0,20,20,30,73.08,3.06,26,0.0247,19,7,12.3
MAVIAUSDT,2.0,1.7,10,10,30,71.79,1.75,39,0.0037,28,11,9.5
MAVIAUSDT,2.0,1.7,10,14,30,69.23,1.52,39,0.0014,27,12,9.1
MAVIAUSDT,2.0,1.7,10,20,30,71.79,1.72,39,0.0032,28,11,8.9
MAVIAUSDT,2.0,1.7,15,10,30,72.41,1.71,29,0.0027,21,8,8.9
MAVIAUSDT,2.0,1.7,15,14,30,68.97,1.43,29,0.0004,20,9,8.4
MAVIAUSDT,2.0,1.7,15,20,30,72.41,1.69,29,0.0023,21,8,8.1
MAVIAUSDT,2.0,1.7,20,10,30,72.73,1.45,22,0.0005,16,6,9.3
MAVIAUSDT,2.0,1.7,20,20,30,72.73,1.46,22,0.0004,16,6,8.3
MAVIAUSDT,2.0,2.0,10,10,30,69.23,1.83,39,0.0057,27,12,10.1
MAVIAUSDT,2.0,2.0,10,14,30,66.67,1.60,39,0.0031,26,13,9.7
MAVIAUSDT,2.0,2.0,10,20,30,66.67,1.60,39,0.0030,26,13,9.7
MAVIAUSDT,2.0,2.0,15,10,30,68.97,1.72,29,0.0036,20,9,9.7
MAVIAUSDT,2.0,2.0,15,14,30,65.52,1.46,29,0.0012,19,10,9.1
MAVIAUSDT,2.0,2.0,15,20,30,65.52,1.46,29,0.0011,19,10,9.1
MAVIAUSDT,2.0,2.0,20,10,30,68.18,1.40,22,0.0005,15,7,10.0
MAVIAUSDT,2.0,2.2,10,10,30,66.67,1.71,39,0.0051,26,13,10.8
MAVIAUSDT,2.0,2.2,10,14,30,66.67,1.76,39,0.0055,26,13,10.0
MAVIAUSDT,2.0,2.2,10,20,30,66.67,1.76,39,0.0054,26,13,10.1
MAVIAUSDT,2.0,2.2,15,10,30,65.52,1.53,29,0.0024,19,10,10.6
MAVIAUSDT,2.0,2.2,15,14,30,65.52,1.60,29,0.0029,19,10,9.5
MAVIAUSDT,2.0,2.2,15,20,30,65.52,1.61,29,0.0028,19,10,9.5
MAVIAUSDT,2.0,2.2,20,10,30,68.18,1.55,22,0.0018,15,7,10.7
MAVIAUSDT,2.0,2.2,20,14,30,63.64,1.25,22,-0.0007,14,8,9.8
MAVIAUSDT,2.0,2.2,20,20,30,63.64,1.27,22,-0.0005,14,8,9.8
MAVIAUSDT,2.0,2.5,10,10,30,66.67,1.89,39,0.0079,26,13,11.6
MAVIAUSDT,2.0,2.5,10,14,30,64.10,1.67,39,0.0050,25,14,11.1
MAVIAUSDT,2.0,2.5,10,20,30,63.16,1.61,38,0.0042,24,14,11.3
MAVIAUSDT,2.0,2.5,15,10,30,65.52,1.67,29,0.0041,19,10,11.6
MAVIAUSDT,2.0,2.5,15,14,30,62.07,1.43,29,0.0014,18,11,10.9
MAVIAUSDT,2.0,2.5,15,20,30,60.71,1.36,28,0.0006,17,11,11.2
MAVIAUSDT,2.0,2.5,20,10,30,68.18,1.66,22,0.0028,15,7,11.7
MAVIAUSDT,2.0,2.5,20,14,30,63.64,1.34,22,0.0002,14,8,10.8
MAVIAUSDT,2.0,2.5,20,20,30,63.64,1.36,22,0.0003,14,8,10.7
MAVIAUSDT,2.0,3.0,10,10,30,63.16,1.97,38,0.0098,24,14,13.3
MAVIAUSDT,2.0,3.0,10,14,30,60.53,1.73,38,0.0067,23,15,12.8
MAVIAUSDT,2.0,3.0,15,10,30,60.71,1.65,28,0.0043,17,11,13.2
MAVIAUSDT,2.5,1.7,10,10,30,71.79,1.41,39,0.0007,28,11,10.0
MAVIAUSDT,2.5,1.7,10,14,30,73.68,1.47,38,0.0013,28,10,10.2
MAVIAUSDT,2.5,1.7,10,20,30,73.68,1.46,38,0.0012,28,10,9.7
MAVIAUSDT,2.5,1.7,15,10,30,72.41,1.37,29,0.0003,21,8,9.4
MAVIAUSDT,2.5,1.7,15,14,30,75.00,1.46,28,0.0010,21,7,9.7
MAVIAUSDT,2.5,1.7,15,20,30,75.00,1.47,28,0.0010,21,7,9.0
MAVIAUSDT,2.5,2.0,10,10,30,69.23,1.48,39,0.0024,27,12,10.9
MAVIAUSDT,2.5,2.0,10,14,30,71.05,1.53,38,0.0029,27,11,11.2
MAVIAUSDT,2.5,2.0,10,20,30,71.05,1.52,38,0.0028,27,11,11.1
MAVIAUSDT,2.5,2.0,15,10,30,68.97,1.39,29,0.0010,20,9,10.6
MAVIAUSDT,2.5,2.0,15,14,30,71.43,1.46,28,0.0017,20,8,10.9
MAVIAUSDT,2.5,2.0,15,20,30,71.43,1.46,28,0.0016,20,8,10.7
MAVIAUSDT,2.5,2.2,10,10,30,66.67,1.38,39,0.0014,26,13,11.7
MAVIAUSDT,2.5,2.2,10,14,30,71.05,1.69,38,0.0054,27,11,11.6
MAVIAUSDT,2.5,2.2,10,20,30,71.05,1.68,38,0.0052,27,11,11.6
MAVIAUSDT,2.5,2.2,15,10,30,65.52,1.23,29,-0.0006,19,10,11.6
MAVIAUSDT,2.5,2.2,15,14,30,71.43,1.61,28,0.0035,20,8,11.3
MAVIAUSDT,2.5,2.2,15,20,30,71.43,1.61,28,0.0034,20,8,11.3
MAVIAUSDT,2.5,2.2,20,10,30,68.18,1.24,22,-0.0004,15,7,11.5
MAVIAUSDT,2.5,2.2,20,14,30,68.18,1.24,22,-0.0005,15,7,11.4
MAVIAUSDT,2.5,2.2,20,20,30,68.18,1.24,22,-0.0006,15,7,11.4
MAVIAUSDT,2.5,2.5,10,10,30,66.67,1.52,39,0.0042,26,13,12.5
MAVIAUSDT,2.5,2.5,10,14,30,68.42,1.58,38,0.0047,26,12,12.8
MAVIAUSDT,2.5,2.5,10,20,30,67.57,1.52,37,0.0038,25,12,13.1
MAVIAUSDT,2.5,2.5,15,10,30,65.52,1.35,29,0.0011,19,10,12.6
MAVIAUSDT,2.5,2.5,15,14,30,67.86,1.41,28,0.0018,19,9,13.0
MAVIAUSDT,2.5,2.5,15,20,30,66.67,1.35,27,0.0010,18,9,13.4
MAVIAUSDT,2.5,2.5,20,10,30,68.18,1.34,22,0.0006,15,7,12.5
MAVIAUSDT,2.5,2.5,20,14,30,68.18,1.33,22,0.0005,15,7,12.4
MAVIAUSDT,2.5,2.5,20,20,30,68.18,1.34,22,0.0005,15,7,12.3
MAVIAUSDT,2.5,3.0,10,10,30,63.16,1.58,38,0.0059,24,14,14.3
MAVIAUSDT,2.5,3.0,10,14,30,64.86,1.64,37,0.0065,24,13,14.5
MAVIAUSDT,2.5,3.0,10,20,30,62.16,1.59,37,0.0054,23,14,15.2
MAVIAUSDT,2.5,3.0,15,10,30,60.71,1.33,28,0.0012,17,11,14.2
MAVIAUSDT,2.5,3.0,15,14,30,62.96,1.39,27,0.0019,17,10,14.6
MAVIAUSDT,2.5,3.0,15,20,30,62.96,1.40,27,0.0019,17,10,14.6
MAVIAUSDT,2.5,3.0,20,14,30,63.64,1.41,22,0.0016,14,8,13.1
MAVIAUSDT,2.5,3.0,20,20,30,63.64,1.40,22,0.0015,14,8,13.1
MAVIAUSDT,3.0,1.7,10,10,30,76.32,1.48,38,0.0018,29,9,11.1
MAVIAUSDT,3.0,1.7,10,14,30,76.32,1.46,38,0.0015,29,9,11.1
MAVIAUSDT,3.0,1.7,10,20,30,76.32,1.45,38,0.0013,29,9,10.5
MAVIAUSDT,3.0,1.7,15,10,30,78.57,1.55,28,0.0021,22,6,10.8
MAVIAUSDT,3.0,1.7,15,14,30,78.57,1.54,28,0.0019,22,6,10.8
MAVIAUSDT,3.0,1.7,15,20,30,78.57,1.55,28,0.0019,22,6,10.0
MAVIAUSDT,3.0,1.7,20,10,30,77.27,1.30,22,-0.0003,17,5,10.9
MAVIAUSDT,3.0,1.7,20,14,30,77.27,1.29,22,-0.0004,17,5,10.7
MAVIAUSDT,3.0,1.7,20,20,30,77.27,1.30,22,-0.0004,17,5,9.8
MAVIAUSDT,3.0,2.0,10,10,30,73.68,1.53,38,0.0034,28,10,12.1
MAVIAUSDT,3.0,2.0,10,14,30,73.68,1.51,38,0.0030,28,10,12.2
MAVIAUSDT,3.0,2.0,10,20,30,73.68,1.50,38,0.0028,28,10,11.9
MAVIAUSDT,3.0,2.0,15,10,30,75.00,1.53,28,0.0027,21,7,12.0
MAVIAUSDT,3.0,2.0,15,14,30,75.00,1.52,28,0.0024,21,7,12.1
MAVIAUSDT,3.0,2.0,15,20,30,75.00,1.51,28,0.0023,21,7,11.8
MAVIAUSDT,3.0,2.0,20,10,30,72.73,1.23,22,-0.0006,16,6,12.3
MAVIAUSDT,3.0,2.0,20,14,30,72.73,1.22,22,-0.0008,16,6,12.4
MAVIAUSDT,3.0,2.0,20,20,30,72.73,1.22,22,-0.0008,16,6,12.0
MAVIAUSDT,3.0,2.2,10,10,30,71.05,1.37,38,0.0016,27,11,12.9
MAVIAUSDT,3.0,2.2,10,14,30,73.68,1.63,38,0.0051,28,10,12.5
MAVIAUSDT,3.0,2.2,10,20,30,73.68,1.62,38,0.0049,28,10,12.5
MAVIAUSDT,3.0,2.2,15,10,30,71.43,1.29,28,0.0002,20,8,13.1
MAVIAUSDT,3.0,2.2,15,14,30,75.00,1.63,28,0.0039,21,7,12.5
MAVIAUSDT,3.0,2.2,15,20,30,75.00,1.63,28,0.0037,21,7,12.5
MAVIAUSDT,3.0,2.2,20,10,30,72.73,1.30,22,0.0002,16,6,13.0
MAVIAUSDT,3.0,2.2,20,14,30,72.73,1.30,22,0.0001,16,6,12.9
MAVIAUSDT,3.0,2.2,20,20,30,72.73,1.30,22,0.0000,16,6,12.8
MAVIAUSDT,3.0,2.5,10,10,30,71.05,1.51,38,0.0043,27,11,13.7
MAVIAUSDT,3.0,2.5,10,14,30,71.05,1.50,38,0.0040,27,11,13.8
MAVIAUSDT,3.0,2.5,10,20,30,70.27,1.45,37,0.0031,26,11,14.0
MAVIAUSDT,3.0,2.5,15,10,30,71.43,1.40,28,0.0020,20,8,14.1
MAVIAUSDT,3.0,2.5,15,14,30,71.43,1.40,28,0.0018,20,8,14.2
MAVIAUSDT,3.0,2.5,15,20,30,70.37,1.33,27,0.0009,19,8,14.6
MAVIAUSDT,3.0,2.5,20,10,30,72.73,1.40,22,0.0013,16,6,14.0
MAVIAUSDT,3.0,2.5,20,14,30,72.73,1.39,22,0.0011,16,6,14.0
MAVIAUSDT,3.0,2.5,20,20,30,72.73,1.39,22,0.0011,16,6,13.8
MAVIAUSDT,3.0,3.0,10,10,30,67.57,1.56,37,0.0059,25,12,16.0
MAVIAUSDT,3.0,3.0,10,14,30,67.57,1.55,37,0.0056,25,12,15.9
MAVIAUSDT,3.0,3.0,10,20,30,64.86,1.50,37,0.0045,24,13,16.6
MAVIAUSDT,3.0,3.0,15,10,30,66.67,1.36,27,0.0019,18,9,16.6
MAVIAUSDT,3.0,3.0,15,14,30,66.67,1.36,27,0.0018,18,9,16.5
MAVIAUSDT,3.0,3.0,15,20,30,66.67,1.37,27,0.0018,18,9,16.4
MAVIAUSDT,3.0,3.0,20,10,30,63.64,1.30,22,0.0006,14,8,16.8
MAVIAUSDT,3.0,3.0,20,14,30,68.18,1.44,22,0.0021,15,7,15.5
MAVIAUSDT,3.0,3.0,20,20,30,68.18,1.44,22,0.0020,15,7,15.3
TUTUSDT,2.0,1.7,15,14,30,62.79,2.01,43,0.0017,27,16,8.1
TUTUSDT,2.0,1.7,15,20,30,60.47,1.81,43,0.0013,26,17,8.5
TUTUSDT,2.0,1.7,20,10,30,64.71,2.53,34,0.0020,22,12,8.4
TUTUSDT,2.0,1.7,20,14,30,70.59,3.21,34,0.0025,24,10,8.6
TUTUSDT,2.0,1.7,20,20,30,67.65,2.76,34,0.0021,23,11,8.8
TUTUSDT,2.0,2.0,20,14,30,67.65,3.20,34,0.0029,23,11,9.1
TUTUSDT,2.0,2.0,20,20,30,67.65,3.17,34,0.0028,23,11,9.3
TUTUSDT,2.0,2.2,20,14,30,64.71,3.11,34,0.0031,22,12,10.3
TUTUSDT,2.0,2.2,20,20,30,64.71,3.04,34,0.0029,22,12,10.4
TUTUSDT,2.0,2.5,20,14,30,64.71,3.43,34,0.0036,22,12,10.6
TUTUSDT,2.0,2.5,20,20,30,64.71,3.43,34,0.0036,22,12,10.8
TUTUSDT,2.5,1.7,10,10,30,66.07,1.65,56,0.0014,37,19,10.6
TUTUSDT,2.5,1.7,10,14,30,66.07,1.65,56,0.0014,37,19,10.1
TUTUSDT,2.5,1.7,10,20,30,64.29,1.54,56,0.0011,36,20,10.8
TUTUSDT,2.5,1.7,15,10,30,69.77,2.26,43,0.0022,30,13,10.1
TUTUSDT,2.5,1.7,15,14,30,69.77,2.24,43,0.0022,30,13,9.6
TUTUSDT,2.5,1.7,15,20,30,67.44,2.00,43,0.0018,29,14,10.5
TUTUSDT,2.5,1.7,20,10,30,79.41,4.65,34,0.0034,27,7,9.8
TUTUSDT,2.5,1.7,20,14,30,79.41,4.63,34,0.0033,27,7,9.7
TUTUSDT,2.5,1.7,20,20,30,76.47,3.77,34,0.0029,26,8,10.6
TUTUSDT,2.5,2.0,10,14,30,60.71,1.52,56,0.0012,34,22,11.4
TUTUSDT,2.5,2.0,10,20,30,60.71,1.52,56,0.0012,34,22,12.0
TUTUSDT,2.5,2.0,15,10,30,62.79,1.92,43,0.0020,27,16,11.7
TUTUSDT,2.5,2.0,15,14,30,65.12,2.06,43,0.0022,28,15,10.9
TUTUSDT,2.5,2.0,15,20,30,65.12,2.05,43,0.0022,28,15,11.5
TUTUSDT,2.5,2.0,20,10,30,73.53,3.79,34,0.0035,25,9,11.3
TUTUSDT,2.5,2.0,20,14,30,76.47,4.32,34,0.0037,26,8,10.4
TUTUSDT,2.5,2.0,20,20,30,76.47,4.34,34,0.0037,26,8,11.1
TUTUSDT,2.5,2.2,15,10,30,62.79,2.11,43,0.0026,27,16,11.7
TUTUSDT,2.5,2.2,15,14,30,62.79,2.09,43,0.0025,27,16,11.9
TUTUSDT,2.5,2.2,15,20,30,62.79,2.06,43,0.0024,27,16,12.4
TUTUSDT,2.5,2.2,20,10,30,73.53,4.16,34,0.0041,25,9,11.3
TUTUSDT,2.5,2.2,20,14,30,73.53,4.12,34,0.0039,25,9,11.6
TUTUSDT,2.5,2.2,20,20,30,73.53,4.06,34,0.0038,25,9,12.3
TUTUSDT,2.5,2.5,15,10,30,60.47,2.04,43,0.0027,26,17,12.7
TUTUSDT,2.5,2.5,15,14,30,60.47,2.03,43,0.0026,26,17,12.3
TUTUSDT,2.5,2.5,15,20,30,60.47,2.03,43,0.0026,26,17,13.0
TUTUSDT,2.5,2.5,20,10,30,70.59,3.66,34,0.0041,24,10,12.5
TUTUSDT,2.5,2.5,20,14,30,70.59,3.64,34,0.0040,24,10,12.1
TUTUSDT,2.5,2.5,20,20,30,70.59,3.65,34,0.0040,24,10,13.0
TUTUSDT,2.5,3.0,20,10,30,64.71,3.11,34,0.0042,22,12,14.1
TUTUSDT,2.5,3.0,20,14,30,64.71,3.10,34,0.0041,22,12,14.2
TUTUSDT,2.5,3.0,20,20,30,64.71,3.23,34,0.0039,22,12,14.6
TUTUSDT,3.0,1.7,10,10,30,66.07,1.42,56,0.0008,37,19,12.0
TUTUSDT,3.0,1.7,10,14,30,67.86,1.55,56,0.0012,38,18,11.5
TUTUSDT,3.0,1.7,10,20,30,66.07,1.44,56,0.0008,37,19,11.7
TUTUSDT,3.0,1.7,15,10,30,69.77,1.95,43,0.0018,30,13,11.5
TUTUSDT,3.0,1.7,15,14,30,72.09,2.19,43,0.0022,31,12,10.9
TUTUSDT,3.0,1.7,15,20,30,69.77,1.93,43,0.0018,30,13,11.3
TUTUSDT,3.0,1.7,20,10,30,79.41,4.09,34,0.0032,27,7,10.6
TUTUSDT,3.0,1.7,20,14,30,79.41,4.07,34,0.0031,27,7,10.7
TUTUSDT,3.0,1.7,20,20,30,76.47,3.26,34,0.0027,26,8,11.0
TUTUSDT,3.0,2.0,10,14,30,60.71,1.30,56,0.0004,34,22,13.1
TUTUSDT,3.0,2.0,10,20,30,60.71,1.31,56,0.0004,34,22,13.2
TUTUSDT,3.0,2.0,15,10,30,62.79,1.66,43,0.0015,27,16,13.2
TUTUSDT,3.0,2.0,15,14,30,65.12,1.77,43,0.0017,28,15,12.5
TUTUSDT,3.0,2.0,15,20,30,65.12,1.76,43,0.0017,28,15,12.7
TUTUSDT,3.0,2.0,20,10,30,73.53,3.34,34,0.0033,25,9,12.1
TUTUSDT,3.0,2.0,20,14,30,76.47,3.77,34,0.0035,26,8,11.3
TUTUSDT,3.0,2.0,20,20,30,76.47,3.76,34,0.0035,26,8,11.5
TUTUSDT,3.0,2.2,15,10,30,62.79,1.82,43,0.0021,27,16,13.2
TUTUSDT,3.0,2.2,15,14,30,62.79,1.81,43,0.0020,27,16,13.5
TUTUSDT,3.0,2.2,15,20,30,62.79,1.77,43,0.0019,27,16,13.5
TUTUSDT,3.0,2.2,20,10,30,73.53,3.67,34,0.0038,25,9,12.2
TUTUSDT,3.0,2.2,20,14,30,73.53,3.64,34,0.0037,25,9,12.6
TUTUSDT,3.0,2.2,20,20,30,73.53,3.58,34,0.0036,25,9,12.6
TUTUSDT,3.0,2.5,15,10,30,60.47,1.76,43,0.0021,26,17,14.2
TUTUSDT,3.0,2.5,15,14,30,60.47,1.76,43,0.0021,26,17,14.0
TUTUSDT,3.0,2.5,15,20,30,60.47,1.75,43,0.0021,26,17,14.2
TUTUSDT,3.0,2.5,20,10,30,70.59,3.20,34,0.0038,24,10,13.4
TUTUSDT,3.0,2.5,20,14,30,70.59,3.19,34,0.0038,24,10,13.1
TUTUSDT,3.0,2.5,20,20,30,70.59,3.18,34,0.0037,24,10,13.4
TUTUSDT,3.0,3.0,20,10,30,64.71,2.69,34,0.0038,22,12,15.1
TUTUSDT,3.0,3.0,20,14,30,64.71,2.69,34,0.0037,22,12,15.3
TUTUSDT,3.0,3.0,20,20,30,64.71,2.83,34,0.0036,22,12,15.1
SHELLUSDT,2.0,1.7,10,10,30,62.22,1.40,135,-0.0058,84,51,7.8
SHELLUSDT,2.0,1.7,10,14,30,61.48,1.37,135,-0.0072,83,52,7.8
SHELLUSDT,2.0,1.7,15,10,30,64.29,1.51,84,-0.0019,54,30,8.0
SHELLUSDT,2.0,1.7,15,14,30,64.29,1.52,84,-0.0020,54,30,8.1
SHELLUSDT,2.0,1.7,15,20,30,61.90,1.32,84,-0.0059,52,32,7.5
SHELLUSDT,2.0,1.7,20,10,30,65.08,1.44,63,-0.0025,41,22,8.4
SHELLUSDT,2.0,1.7,20,14,30,65.08,1.45,63,-0.0025,41,22,8.5
SHELLUSDT,2.0,1.7,20,20,30,63.49,1.35,63,-0.0038,40,23,7.7
SHELLUSDT,2.0,2.0,15,10,30,60.71,1.50,84,-0.0010,51,33,9.7
SHELLUSDT,2.0,2.0,15,14,30,61.90,1.57,84,0.0003,52,32,9.2
SHELLUSDT,2.0,2.0,20,10,30,61.90,1.49,63,-0.0007,39,24,9.7
SHELLUSDT,2.0,2.0,20,14,30,63.49,1.59,63,0.0007,40,23,9.1
SHELLUSDT,2.5,1.7,10,10,30,66.92,1.49,133,-0.0017,89,44,9.2
SHELLUSDT,2.5,1.7,10,14,30,65.67,1.40,134,-0.0049,88,46,8.9
SHELLUSDT,2.5,1.7,10,20,30,66.17,1.41,133,-0.0045,88,45,8.4
SHELLUSDT,2.5,1.7,15,10,30,68.29,1.45,82,-0.0022,56,26,9.5
SHELLUSDT,2.5,1.7,15,14,30,67.47,1.41,83,-0.0033,56,27,9.3
SHELLUSDT,2.5,1.7,15,20,30,68.67,1.50,83,-0.0011,57,26,8.8
SHELLUSDT,2.5,1.7,20,10,30,70.49,1.47,61,-0.0015,43,18,10.2
SHELLUSDT,2.5,1.7,20,14,30,69.35,1.41,62,-0.0025,43,19,10.0
SHELLUSDT,2.5,1.7,20,20,30,70.97,1.54,62,-0.0002,44,18,9.2
SHELLUSDT,2.5,2.0,10,10,30,62.12,1.41,132,-0.0028,82,50,11.1
SHELLUSDT,2.5,2.0,10,14,30,63.16,1.48,133,-0.0004,84,49,10.2
SHELLUSDT,2.5,2.0,10,20,30,62.88,1.42,132,-0.0023,83,49,9.8
SHELLUSDT,2.5,2.0,15,10,30,64.63,1.41,82,-0.0022,53,29,11.4
SHELLUSDT,2.5,2.0,15,14,30,65.06,1.44,83,-0.0017,54,29,10.6
SHELLUSDT,2.5,2.0,15,20,30,65.06,1.45,83,-0.0015,54,29,10.0
SHELLUSDT,2.5,2.0,20,10,30,67.21,1.47,61,-0.0005,41,20,11.8
SHELLUSDT,2.5,2.0,20,14,30,67.74,1.50,62,-0.0000,42,20,10.9
SHELLUSDT,2.5,2.0,20,20,30,66.13,1.42,62,-0.0016,41,21,10.4
SHELLUSDT,2.5,2.2,15,10,30,62.96,1.45,81,-0.0005,51,30,12.1
SHELLUSDT,2.5,2.2,15,14,30,62.20,1.42,82,-0.0016,51,31,11.6
SHELLUSDT,2.5,2.2,15,20,30,62.65,1.46,83,-0.0008,52,31,11.3
SHELLUSDT,2.5,2.2,20,10,30,65.00,1.48,60,0.0001,39,21,12.7
SHELLUSDT,2.5,2.2,20,14,30,63.93,1.43,61,-0.0009,39,22,12.1
SHELLUSDT,2.5,2.2,20,20,30,66.13,1.57,62,0.0017,41,21,11.5
SHELLUSDT,2.5,2.5,20,10,30,61.67,1.49,60,0.0013,37,23,13.6
SHELLUSDT,2.5,2.5,20,14,30,62.30,1.56,61,0.0024,38,23,12.8
SHELLUSDT,2.5,2.5,20,20,30,62.30,1.57,61,0.0026,38,23,12.7
SHELLUSDT,3.0,1.7,10,10,30,70.00,1.42,130,-0.0030,91,39,10.1
SHELLUSDT,3.0,1.7,10,14,30,69.77,1.40,129,-0.0042,90,39,10.3
SHELLUSDT,3.0,1.7,10,20,30,72.09,1.52,129,0.0000,93,36,9.9
SHELLUSDT,3.0,1.7,15,10,30,70.73,1.38,82,-0.0034,58,24,10.5
SHELLUSDT,3.0,1.7,15,14,30,70.73,1.39,82,-0.0035,58,24,10.6
SHELLUSDT,3.0,1.7,15,20,30,73.17,1.54,82,0.0000,60,22,10.2
SHELLUSDT,3.0,1.7,20,10,30,73.77,1.46,61,-0.0014,45,16,11.1
SHELLUSDT,3.0,1.7,20,14,30,73.77,1.47,61,-0.0014,45,16,11.3
SHELLUSDT,3.0,1.7,20,20,30,77.05,1.70,61,0.0022,47,14,10.8
SHELLUSDT,3.0,2.0,10,10,30,66.93,1.43,127,-0.0008,85,42,12.3
SHELLUSDT,3.0,2.0,10,14,30,67.19,1.46,128,-0.0000,86,42,11.6
SHELLUSDT,3.0,2.0,10,20,30,68.75,1.52,128,0.0023,88,40,11.5
SHELLUSDT,3.0,2.0,15,10,30,68.29,1.40,82,-0.0020,56,26,12.5
SHELLUSDT,3.0,2.0,15,14,30,68.29,1.41,82,-0.0021,56,26,11.9
SHELLUSDT,3.0,2.0,15,20,30,69.51,1.48,82,-0.0003,57,25,11.8
SHELLUSDT,3.0,2.0,20,10,30,72.13,1.54,61,0.0010,44,17,13.0
SHELLUSDT,3.0,2.0,20,14,30,72.13,1.55,61,0.0009,44,17,12.2
SHELLUSDT,3.0,2.0,20,20,30,72.13,1.55,61,0.0009,44,17,12.5
SHELLUSDT,3.0,2.2,10,10,30,64.29,1.45,126,0.0010,81,45,13.2
SHELLUSDT,3.0,2.2,10,14,30,64.00,1.43,125,-0.0001,80,45,13.2
SHELLUSDT,3.0,2.2,10,20,30,65.35,1.50,127,0.0021,83,44,13.2
SHELLUSDT,3.0,2.2,15,10,30,66.67,1.44,81,-0.0003,54,27,13.2
SHELLUSDT,3.0,2.2,15,14,30,66.67,1.45,81,-0.0003,54,27,13.1
SHELLUSDT,3.0,2.2,15,20,30,67.07,1.49,82,0.0005,55,27,13.1
SHELLUSDT,3.0,2.2,20,10,30,70.00,1.55,60,0.0017,42,18,13.9
SHELLUSDT,3.0,2.2,20,14,30,70.00,1.56,60,0.0017,42,18,13.7
SHELLUSDT,3.0,2.2,20,20,30,72.13,1.71,61,0.0043,44,17,13.6
SHELLUSDT,3.0,2.5,10,10,30,61.60,1.51,125,0.0047,77,48,14.5
SHELLUSDT,3.0,2.5,10,14,30,62.40,1.55,125,0.0060,78,47,14.3
SHELLUSDT,3.0,2.5,10,20,30,62.70,1.55,126,0.0059,79,47,14.3
SHELLUSDT,3.0,2.5,15,10,30,62.96,1.46,81,0.0009,51,30,14.4
SHELLUSDT,3.0,2.5,15,14,30,64.20,1.55,81,0.0030,52,29,14.2
SHELLUSDT,3.0,2.5,15,20,30,64.20,1.55,81,0.0029,52,29,14.3
SHELLUSDT,3.0,2.5,20,10,30,66.67,1.58,60,0.0032,40,20,15.1
SHELLUSDT,3.0,2.5,20,14,30,68.33,1.72,60,0.0054,41,19,14.7
SHELLUSDT,3.0,2.5,20,20,30,68.33,1.73,60,0.0055,41,19,15.0
SHELLUSDT,3.0,3.0,20,10,30,61.02,1.51,59,0.0026,36,23,17.2
SHELLUSDT,3.0,3.0,20,14,30,61.02,1.54,59,0.0031,36,23,17.1
SHELLUSDT,3.0,3.0,20,20,30,61.02,1.54,59,0.0029,36,23,17.2
MOODENGUSDT,2.0,1.7,15,14,30,60.32,1.24,126,-0.0014,76,50,8.5
MOODENGUSDT,2.0,1.7,20,10,30,64.42,1.56,104,0.0009,67,37,7.8
MOODENGUSDT,2.0,1.7,20,14,30,65.38,1.62,104,0.0012,68,36,8.0
MOODENGUSDT,2.0,1.7,20,20,30,64.08,1.53,103,0.0007,66,37,8.2
MOODENGUSDT,2.5,1.7,10,10,30,62.37,1.26,194,-0.0013,121,73,10.6
MOODENGUSDT,2.5,1.7,10,14,30,61.86,1.24,194,-0.0016,120,74,10.4
MOODENGUSDT,2.5,1.7,10,20,30,61.66,1.24,193,-0.0017,119,74,10.5
MOODENGUSDT,2.5,1.7,20,10,30,71.15,1.52,104,0.0010,74,30,8.8
MOODENGUSDT,2.5,1.7,20,14,30,70.19,1.49,104,0.0007,73,31,8.8
MOODENGUSDT,2.5,1.7,20,20,30,68.93,1.47,103,0.0006,71,32,9.0
MOODENGUSDT,2.5,2.0,20,10,30,65.69,1.56,102,0.0016,67,35,11.3
MOODENGUSDT,2.5,2.0,20,14,30,61.76,1.37,102,0.0001,63,39,11.0
MOODENGUSDT,2.5,2.0,20,20,30,62.75,1.44,102,0.0006,64,38,11.0
MOODENGUSDT,2.5,2.2,20,10,30,60.78,1.50,102,0.0012,62,40,12.4
MOODENGUSDT,3.0,1.7,20,10,30,71.84,1.31,103,-0.0003,74,29,9.5
MOODENGUSDT,3.0,1.7,20,14,30,71.84,1.33,103,-0.0002,74,29,9.6
MOODENGUSDT,3.0,1.7,20,20,30,70.59,1.28,102,-0.0005,72,30,9.8
MOODENGUSDT,3.0,2.0,10,10,30,61.05,1.24,190,-0.0009,116,74,13.3
MOODENGUSDT,3.0,2.0,10,14,30,60.85,1.21,189,-0.0016,115,74,13.4
MOODENGUSDT,3.0,2.0,10,20,30,60.32,1.20,189,-0.0018,114,75,13.5
MOODENGUSDT,3.0,2.0,20,10,30,66.34,1.34,101,0.0002,67,34,11.9
MOODENGUSDT,3.0,2.0,20,14,30,64.36,1.24,101,-0.0007,65,36,11.9
MOODENGUSDT,3.0,2.0,20,20,30,64.36,1.25,101,-0.0006,65,36,11.8
MOODENGUSDT,3.0,2.2,20,10,30,61.39,1.28,101,-0.0002,62,39,13.1
MOODENGUSDT,3.0,2.2,20,14,30,61.00,1.29,100,-0.0001,61,39,13.2
MOODENGUSDT,3.0,2.2,20,20,30,61.00,1.30,100,-0.0000,61,39,13.3
AVAAIUSDT,2.5,2.0,20,10,30,61.98,1.24,121,-0.0005,75,46,12.1
AVAAIUSDT,2.5,2.0,20,14,30,61.98,1.22,121,-0.0006,75,46,11.7
AVAAIUSDT,2.5,2.0,20,20,30,61.98,1.21,121,-0.0007,75,46,11.6
AVAAIUSDT,2.5,2.2,20,10,30,61.98,1.36,121,0.0007,75,46,12.4
AVAAIUSDT,2.5,2.2,20,14,30,61.98,1.35,121,0.0005,75,46,12.3
AVAAIUSDT,2.5,2.2,20,20,30,61.98,1.34,121,0.0004,75,46,12.2
AVAAIUSDT,2.5,2.5,20,10,30,60.33,1.47,121,0.0017,73,48,13.4
AVAAIUSDT,2.5,2.5,20,14,30,60.33,1.48,121,0.0017,73,48,13.1
AVAAIUSDT,2.5,2.5,20,20,30,60.33,1.49,121,0.0018,73,48,13.1
AVAAIUSDT,3.0,2.0,20,10,30,64.17,1.24,120,-0.0004,77,43,13.7
AVAAIUSDT,3.0,2.2,20,10,30,64.17,1.36,120,0.0007,77,43,14.0
AVAAIUSDT,3.0,2.2,20,14,30,63.33,1.28,120,0.0000,76,44,13.6
AVAAIUSDT,3.0,2.2,20,20,30,63.03,1.26,119,-0.0001,75,44,13.3
AVAAIUSDT,3.0,2.5,20,10,30,62.50,1.48,120,0.0018,75,45,15.1
AVAAIUSDT,3.0,2.5,20,14,30,61.67,1.40,120,0.0013,74,46,14.5
AVAAIUSDT,3.0,2.5,20,20,30,61.34,1.41,119,0.0013,73,46,14.2
MYROUSDT,3.0,2.0,10,10,30,61.39,1.24,259,-0.0010,159,100,11.6
MYROUSDT,3.0,2.0,10,14,30,60.92,1.24,261,-0.0011,159,102,11.4
MYROUSDT,3.0,2.0,10,20,30,61.07,1.26,262,-0.0010,160,102,11.1
MYROUSDT,3.0,2.0,15,10,30,60.92,1.27,174,-0.0005,106,68,11.9
BRETTUSDT,3.0,2.5,20,14,30,61.32,1.26,106,-0.0009,65,41,14.4
BRETTUSDT,3.0,2.5,20,20,30,60.75,1.25,107,-0.0010,65,42,13.9
